Freq	PhiChirp	PhiRC	AChirp	ARC
1	146.79	146.79	1.00	1.00
2	-137.05	141.54	1.00	1.00
3	74.42	-130.97	1.00	1.00
4	5.25	68.66	1.00	1.00
5	-0.00	9.92	1.00	1.00
6	0.05	6.02	1.00	1.00
7	72.09	4.24	1.00	1.00
8	-143.93	64.61	1.00	1.00
9	72.00	-137.23	1.00	1.00
10	0.00	60.07	1.00	1.00
11	-0.00	-2.01	1.00	1.00
12	72.00	-2.21	1.00	1.00
13	-144.00	69.60	1.00	1.00
14	72.00	-146.60	1.00	1.00
15	-0.00	69.20	1.00	1.00
16	-0.00	-3.00	1.00	1.00
17	72.00	-3.19	1.00	1.00
18	-144.00	68.61	1.00	1.00
19	72.00	-147.59	1.00	1.00
20	0.00	68.21	1.00	1.00
21	-0.00	-3.99	1.00	1.00
22	72.00	-4.19	1.00	1.00
23	-144.00	67.62	1.00	1.00
24	72.00	-148.58	1.00	1.00
25	0.00	67.22	1.00	1.00
26	-0.00	-4.98	1.00	1.00
27	72.00	-5.17	1.00	1.00
28	-144.00	66.63	1.00	1.00
29	72.00	-149.57	1.00	1.00
30	0.00	66.24	1.00	1.00
31	-0.00	-5.96	1.00	1.00
32	72.00	-6.16	1.00	1.00
33	-144.00	65.65	1.00	1.00
34	72.00	-150.55	1.00	0.99
35	-0.00	65.26	1.00	0.99
36	-0.00	-6.94	1.00	0.99
37	72.00	-7.14	1.00	0.99
38	-144.00	64.67	1.00	0.99
39	72.00	-151.52	1.00	0.99
40	0.00	64.28	1.00	0.99
41	-0.00	-7.91	1.00	0.99
42	72.00	-8.11	1.00	0.99
43	-144.00	63.70	1.00	0.99
44	72.00	-152.50	1.00	0.99
45	0.00	63.31	1.00	0.99
46	-0.00	-8.88	1.00	0.99
47	72.00	-9.08	1.00	0.99
48	-144.00	62.73	1.00	0.99
49	72.00	-153.46	1.00	0.99
50	0.00	62.35	1.00	0.99
51	-0.00	-9.84	1.00	0.99
52	72.00	-9.87	1.00	0.99
53	-144.00	61.77	1.00	0.99
54	72.00	-154.42	1.00	0.98
55	0.00	61.28	1.00	0.98
56	-0.00	-10.92	1.00	0.98
57	72.00	-11.18	1.00	0.98
58	-144.00	60.73	1.00	0.98
59	72.00	-155.29	1.00	0.98
60	-0.00	60.44	1.00	0.98
61	-0.00	-11.85	1.00	0.98
62	72.00	-12.05	1.00	0.98
63	-144.00	59.93	1.00	0.98
64	72.00	-156.38	1.00	0.98
65	-0.00	59.77	1.00	0.98
66	-0.00	-12.44	1.00	0.98
67	72.00	-12.77	1.00	0.98
68	-144.00	58.94	1.00	0.98
69	72.00	-157.29	1.00	0.97
70	-0.00	58.38	1.00	0.97
71	-0.00	-13.74	1.00	0.97
72	72.00	-13.82	1.00	0.97
73	-144.00	57.99	1.00	0.97
74	72.00	-158.19	1.00	0.97
75	0.00	57.62	1.00	0.97
76	-0.00	-14.57	1.00	0.97
77	72.00	-14.75	1.00	0.97
78	-144.00	57.06	1.00	0.97
79	72.00	-159.12	1.00	0.97
80	0.00	56.69	1.00	0.97
81	-0.00	-15.49	1.00	0.96
82	72.00	-15.67	1.00	0.96
83	-144.00	56.14	1.00	0.96
84	72.00	-160.04	1.00	0.96
85	0.00	55.78	1.00	0.96
86	-0.00	-16.40	1.00	0.96
87	72.00	-16.58	1.00	0.96
88	-144.00	55.23	1.00	0.96
89	72.00	-160.95	1.00	0.96
90	0.00	54.87	1.00	0.96
91	-0.00	-17.31	1.00	0.96
92	72.00	-17.49	1.00	0.95
93	-144.00	54.33	1.00	0.95
94	72.00	-161.85	1.00	0.95
95	0.00	53.97	1.00	0.95
96	-0.00	-18.21	1.00	0.95
97	72.00	-18.38	1.00	0.95
98	-144.00	53.44	1.00	0.95
99	72.00	-162.74	1.00	0.95
100	0.00	53.09	1.00	0.95
101	-0.00	-19.09	1.00	0.95
102	72.00	-19.27	1.00	0.95
103	-144.00	52.56	1.00	0.94
104	72.00	-163.62	1.00	0.94
105	0.00	52.21	1.00	0.94
106	-0.00	-19.97	1.00	0.94
107	72.00	-20.14	1.00	0.94
108	-144.00	51.68	1.00	0.94
109	72.00	-164.49	1.00	0.94
110	0.00	51.34	1.00	0.94
111	-0.00	-20.88	1.00	0.94
112	72.00	-20.99	1.00	0.94
113	-144.00	50.89	1.00	0.93
114	72.00	-165.42	1.00	0.93
115	0.00	50.47	1.00	0.93
116	-0.00	-21.67	1.00	0.93
117	72.00	-21.85	1.00	0.93
118	-144.00	49.86	1.00	0.93
119	72.00	-166.14	1.00	0.93
120	0.00	49.58	1.00	0.93
121	-0.00	-22.59	1.00	0.93
122	72.00	-22.77	1.00	0.92
123	-144.00	49.06	1.00	0.92
124	72.00	-166.97	1.00	0.92
125	0.00	48.84	1.00	0.92
126	-0.00	-23.41	1.00	0.92
127	72.00	-23.54	1.00	0.92
128	-144.00	48.36	1.00	0.92
129	72.00	-167.97	1.00	0.92
130	0.00	47.95	1.00	0.92
131	-0.00	-24.14	1.00	0.91
132	72.00	-24.38	1.00	0.91
133	-144.00	47.46	1.00	0.91
134	72.00	-168.71	1.00	0.91
135	0.00	47.13	1.00	0.91
136	-0.00	-25.03	1.00	0.91
137	72.00	-25.19	1.00	0.91
138	-144.00	46.64	1.00	0.91
139	72.00	-169.52	1.00	0.90
140	0.00	46.32	1.00	0.90
141	-0.00	-25.84	1.00	0.90
142	72.00	-26.00	1.00	0.90
143	-144.00	45.84	1.00	0.90
144	72.00	-170.32	1.00	0.90
145	0.00	45.52	1.00	0.90
146	-0.00	-26.64	1.00	0.90
147	72.00	-26.79	1.00	0.90
148	-144.00	45.05	1.00	0.89
149	72.00	-171.11	1.00	0.89
150	0.00	44.73	1.00	0.89
151	-0.00	-27.42	1.00	0.89
152	72.00	-27.58	1.00	0.89
153	-144.00	44.26	1.00	0.89
154	72.00	-171.89	1.00	0.89
155	0.00	43.95	1.00	0.89
156	-0.00	-28.20	1.00	0.88
157	72.00	-28.35	1.00	0.88
158	-144.00	43.49	1.00	0.88
159	72.00	-172.66	1.00	0.88
160	0.00	43.19	1.00	0.88
161	-0.00	-28.97	1.00	0.88
162	72.00	-29.12	1.00	0.88
163	-144.00	42.73	1.00	0.88
164	72.00	-173.42	1.00	0.87
165	0.00	42.43	1.00	0.87
166	-0.00	-29.72	1.00	0.87
167	72.00	-29.87	1.00	0.87
168	-144.00	41.98	1.00	0.87
169	72.00	-174.17	1.00	0.87
170	0.00	41.68	1.00	0.87
171	-0.00	-30.47	1.00	0.87
172	72.00	-30.61	1.00	0.86
173	-144.00	41.25	1.00	0.86
174	72.00	-174.91	1.00	0.86
175	0.00	40.94	1.00	0.86
176	-0.00	-31.20	1.00	0.86
177	72.00	-31.35	1.00	0.86
178	-144.00	40.50	1.00	0.86
179	72.00	-175.63	1.00	0.86
180	0.00	40.22	1.00	0.85
181	-0.00	-31.93	1.00	0.85
182	72.00	-32.07	1.00	0.85
183	-144.00	39.79	1.00	0.85
184	72.00	-176.34	1.00	0.85
185	0.00	39.52	1.00	0.85
186	-0.00	-32.64	1.00	0.85
187	72.00	-32.77	1.00	0.85
188	-144.00	39.09	1.00	0.84
189	72.00	-177.07	1.00	0.84
190	0.00	38.80	1.00	0.84
191	-0.00	-33.33	1.00	0.84
192	72.00	-33.48	1.00	0.84
193	-144.00	38.38	1.00	0.84
194	72.00	-177.75	1.00	0.84
195	0.00	38.11	1.00	0.84
196	-0.00	-34.03	1.00	0.83
197	72.00	-34.17	1.00	0.83
198	-144.00	37.70	1.00	0.83
199	72.00	-178.44	1.00	0.83
200	0.00	37.42	1.00	0.83
201	-0.00	-34.71	1.00	0.83
202	72.00	-34.85	1.00	0.83
203	-144.00	37.02	1.00	0.83
204	72.00	-179.11	1.00	0.82
205	0.00	36.75	1.00	0.82
206	-0.00	-35.38	1.00	0.82
207	72.00	-35.51	1.00	0.82
208	-144.00	36.35	1.00	0.82
209	72.00	-179.78	1.00	0.82
210	0.00	36.09	1.00	0.82
211	0.00	-36.04	1.00	0.81
212	72.00	-36.17	1.00	0.81
213	-144.00	35.70	1.00	0.81
214	72.00	-180.43	1.00	0.81
215	0.00	35.44	1.00	0.81
216	0.00	-36.69	1.00	0.81
217	72.00	-36.82	1.00	0.81
218	-144.00	35.05	1.00	0.81
219	72.00	-181.08	1.00	0.80
220	0.00	34.80	1.00	0.80
221	0.00	-37.33	1.00	0.80
222	72.00	-37.46	1.00	0.80
223	-144.00	34.41	1.00	0.80
224	72.00	-181.71	1.00	0.80
225	0.00	34.16	1.00	0.80
226	0.00	-37.96	1.00	0.80
227	72.00	-38.09	1.00	0.79
228	-144.00	33.79	1.00	0.79
229	72.00	-182.34	1.00	0.79
230	0.00	33.54	1.00	0.79
231	0.00	-38.58	1.00	0.79
232	72.00	-38.71	1.00	0.79
233	-144.00	33.14	1.00	0.79
234	72.00	-182.92	1.00	0.79
235	0.00	32.92	1.00	0.78
236	0.00	-39.26	1.00	0.78
237	72.00	-39.35	1.00	0.78
238	-144.00	32.60	1.00	0.78
239	72.00	-183.58	1.00	0.78
240	0.00	32.35	1.00	0.78
241	0.00	-39.79	1.00	0.78
242	72.00	-39.91	1.00	0.78
243	-144.00	32.00	1.00	0.77
244	72.00	-184.20	1.00	0.77
245	0.00	31.76	1.00	0.77
246	0.00	-40.30	1.00	0.77
247	72.00	-40.48	1.00	0.77
248	-144.00	31.35	1.00	0.77
249	72.00	-184.71	1.00	0.77
250	0.00	31.11	1.00	0.77
251	0.00	-40.97	1.00	0.76
252	72.00	-41.08	1.00	0.76
253	-144.00	30.80	1.00	0.76
254	72.00	-185.31	1.00	0.76
255	0.00	30.57	1.00	0.76
256	0.00	-41.54	1.00	0.76
257	72.00	-41.66	1.00	0.76
258	-144.00	30.23	1.00	0.76
259	72.00	-185.88	1.00	0.75
260	0.00	30.01	1.00	0.75
261	0.00	-42.11	1.00	0.75
262	72.00	-42.22	1.00	0.75
263	-144.00	29.67	1.00	0.75
264	72.00	-186.44	1.00	0.75
265	0.00	29.45	1.00	0.75
266	0.00	-42.66	1.00	0.75
267	72.00	-42.77	1.00	0.74
268	-144.00	29.12	1.00	0.74
269	72.00	-186.99	1.00	0.74
270	0.00	28.90	1.00	0.74
271	0.00	-43.21	1.00	0.74
272	72.00	-43.32	1.00	0.74
273	-144.00	28.58	1.00	0.74
274	72.00	-187.53	1.00	0.74
275	0.00	28.36	1.00	0.73
276	0.00	-43.74	1.00	0.73
277	72.00	-43.85	1.00	0.73
278	-144.00	28.04	1.00	0.73
279	72.00	-188.06	1.00	0.73
280	0.00	27.83	1.00	0.73
281	0.00	-44.27	1.00	0.73
282	72.00	-44.38	1.00	0.73
283	-144.00	27.52	1.00	0.73
284	72.00	-188.59	1.00	0.72
285	0.00	27.31	1.00	0.72
286	0.00	-44.79	1.00	0.72
287	72.00	-44.90	1.00	0.72
288	-144.00	27.00	1.00	0.72
289	72.00	-189.10	1.00	0.72
290	0.00	26.80	1.00	0.72
291	0.00	-45.31	1.00	0.72
292	72.00	-45.40	1.00	0.71
293	-144.00	26.50	1.00	0.71
294	72.00	-189.62	1.00	0.71
295	0.00	26.29	1.00	0.71
296	0.00	-45.80	1.00	0.71
297	72.00	-45.90	1.00	0.71
298	-144.00	25.98	1.00	0.71
299	72.00	-190.10	1.00	0.71
300	0.00	25.79	1.00	0.71
301	0.00	-46.30	1.00	0.70
302	72.00	-46.40	1.00	0.70
303	-144.00	25.49	1.00	0.70
304	72.00	-190.59	1.00	0.70
305	-0.00	25.29	1.00	0.70
306	0.00	-46.80	1.00	0.70
307	72.00	-46.90	1.00	0.70
308	-144.00	25.02	1.00	0.70
309	72.00	-191.09	1.00	0.69
310	0.00	24.83	1.00	0.69
311	0.00	-47.26	1.00	0.69
312	72.00	-47.37	1.00	0.69
313	-144.00	24.54	1.00	0.69
314	72.00	-191.56	1.00	0.69
315	0.00	24.35	1.00	0.69
316	0.00	-47.75	1.00	0.69
317	72.00	-47.84	1.00	0.69
318	-144.00	24.07	1.00	0.68
319	72.00	-192.03	1.00	0.68
320	0.00	23.88	1.00	0.68
321	0.00	-48.21	1.00	0.68
322	72.00	-48.30	1.00	0.68
323	-144.00	23.60	1.00	0.68
324	72.00	-192.49	1.00	0.68
325	0.00	23.42	1.00	0.68
326	0.00	-48.67	1.00	0.68
327	72.00	-48.76	1.00	0.67
328	-144.00	23.15	1.00	0.67
329	72.00	-192.94	1.00	0.67
330	0.00	22.97	1.00	0.67
331	0.00	-49.12	1.00	0.67
332	72.00	-49.21	1.00	0.67
333	-144.00	22.70	1.00	0.67
334	72.00	-193.39	1.00	0.67
335	0.00	22.52	1.00	0.67
336	0.00	-49.56	1.00	0.66
337	72.00	-49.65	1.00	0.66
338	-144.00	22.26	1.00	0.66
339	72.00	-193.83	1.00	0.66
340	0.00	22.08	1.00	0.66
341	0.00	-50.00	1.00	0.66
342	72.00	-50.09	1.00	0.66
343	-144.00	21.83	1.00	0.66
344	72.00	-194.26	1.00	0.66
345	0.00	21.65	1.00	0.65
346	0.00	-50.43	1.00	0.65
347	72.00	-50.52	1.00	0.65
348	-144.00	21.40	1.00	0.65
349	72.00	-194.69	1.00	0.65
350	0.00	21.23	1.00	0.65
351	0.00	-50.86	1.00	0.65
352	72.00	-50.93	1.00	0.65
353	-144.00	20.97	1.00	0.65
354	72.00	-195.11	1.00	0.65
355	0.00	20.80	1.00	0.64
356	0.00	-51.29	1.00	0.64
357	72.00	-51.37	1.00	0.64
358	-144.00	20.56	1.00	0.64
359	72.00	-195.51	1.00	0.64
360	0.00	20.40	1.00	0.64
361	0.00	-51.69	1.00	0.64
362	72.00	-51.77	1.00	0.64
363	-144.00	20.16	1.00	0.64
364	72.00	-195.93	1.00	0.64
365	0.00	20.01	1.00	0.63
366	0.00	-52.09	1.00	0.63
367	72.00	-52.16	1.00	0.63
368	-144.00	19.76	1.00	0.63
369	72.00	-196.33	1.00	0.63
370	0.00	19.59	1.00	0.63
371	0.00	-52.49	1.00	0.63
372	72.00	-52.56	1.00	0.63
373	-144.00	19.36	1.00	0.63
374	72.00	-196.72	1.00	0.63
375	0.00	19.20	1.00	0.62
376	0.00	-52.88	1.00	0.62
377	72.00	-52.96	1.00	0.62
378	-144.00	18.97	1.00	0.62
379	72.00	-197.11	1.00	0.62
380	0.00	18.81	1.00	0.62
381	0.00	-53.26	1.00	0.62
382	72.00	-53.34	1.00	0.62
383	-144.00	18.58	1.00	0.62
384	72.00	-197.49	1.00	0.62
385	0.00	18.43	1.00	0.61
386	0.00	-53.64	1.00	0.61
387	72.00	-53.72	1.00	0.61
388	-144.00	18.21	1.00	0.61
389	72.00	-197.87	1.00	0.61
390	0.00	18.06	1.00	0.61
391	0.00	-54.02	1.00	0.61
392	72.00	-54.09	1.00	0.61
393	-144.00	17.83	1.00	0.61
394	72.00	161.76	1.00	0.61
395	0.00	17.69	1.00	0.60
396	0.00	-54.39	1.00	0.60
397	72.00	-54.46	1.00	0.60
398	-144.00	17.47	1.00	0.60
399	72.00	161.40	1.00	0.60
400	0.00	17.32	1.00	0.60
401	0.00	-54.75	1.00	0.60
402	72.00	-54.82	1.00	0.60
403	-144.00	17.11	1.00	0.60
404	72.00	161.03	1.00	0.60
405	0.00	16.96	1.00	0.60
406	0.00	-55.11	1.00	0.59
407	72.00	-55.18	1.00	0.59
408	-144.00	16.75	1.00	0.59
409	72.00	160.68	1.00	0.59
410	0.00	16.61	1.00	0.59
411	0.00	-55.46	1.00	0.59
412	72.00	-55.53	1.00	0.59
413	-144.00	16.40	1.00	0.59
414	72.00	160.32	1.00	0.59
415	0.00	16.26	1.00	0.59
416	0.00	-55.81	1.00	0.59
417	72.00	-55.88	1.00	0.58
418	-144.00	16.05	1.00	0.58
419	72.00	159.99	1.00	0.58
420	0.00	15.91	1.00	0.58
421	0.00	-56.16	1.00	0.58
422	72.00	-56.22	1.00	0.58
423	-144.00	15.71	1.00	0.58
424	72.00	159.65	1.00	0.58
425	0.00	15.58	1.00	0.58
426	0.00	-56.49	1.00	0.58
427	72.00	-56.56	1.00	0.58
428	-144.00	15.38	1.00	0.57
429	72.00	159.31	1.00	0.57
430	0.00	15.25	1.00	0.57
431	0.00	-56.82	1.00	0.57
432	72.00	-56.89	1.00	0.57
433	-144.00	15.05	1.00	0.57
434	72.00	158.98	1.00	0.57
435	0.00	14.92	1.00	0.57
436	0.00	-57.15	1.00	0.57
437	72.00	-57.22	1.00	0.57
438	-144.00	14.72	1.00	0.57
439	72.00	158.65	1.00	0.56
440	0.00	14.59	1.00	0.56
441	0.00	-57.47	1.00	0.56
442	72.00	-57.54	1.00	0.56
443	-144.00	14.40	1.00	0.56
444	72.00	158.34	1.00	0.56
445	0.00	14.27	1.00	0.56
446	0.00	-57.79	1.00	0.56
447	72.00	-57.86	1.00	0.56
448	-144.00	14.08	1.00	0.56
449	72.00	158.02	1.00	0.56
450	0.00	13.96	1.00	0.56
451	0.00	-58.11	1.00	0.55
452	72.00	-58.17	1.00	0.55
453	-144.00	13.77	1.00	0.55
454	72.00	157.71	1.00	0.55
455	0.00	13.64	1.00	0.55
456	0.00	-58.42	1.00	0.55
457	72.00	-58.48	1.00	0.55
458	-144.00	13.46	1.00	0.55
459	72.00	157.40	1.00	0.55
460	0.00	13.34	1.00	0.55
461	0.00	-58.72	1.00	0.55
462	72.00	-58.78	1.00	0.55
463	-144.00	13.16	1.00	0.54
464	72.00	157.10	1.00	0.54
465	-0.00	13.04	1.00	0.54
466	0.00	-59.03	1.00	0.54
467	72.00	-59.09	1.00	0.54
468	-144.00	12.86	1.00	0.54
469	72.00	156.80	1.00	0.54
470	0.00	12.74	1.00	0.54
471	0.00	-59.32	1.00	0.54
472	72.00	-59.38	1.00	0.54
473	-144.00	12.56	1.00	0.54
474	72.00	156.50	1.00	0.54
475	0.00	12.44	1.00	0.54
476	0.00	-59.62	1.00	0.53
477	72.00	-59.68	1.00	0.53
478	-144.00	12.27	1.00	0.53
479	72.00	156.21	1.00	0.53
480	0.00	12.15	1.00	0.53
481	0.00	-59.91	1.00	0.53
482	72.00	-59.96	1.00	0.53
483	-144.00	11.98	1.00	0.53
484	72.00	155.92	1.00	0.53
485	0.00	11.87	1.00	0.53
486	0.00	-60.18	1.00	0.53
487	72.00	-60.24	1.00	0.53
488	-144.00	11.70	1.00	0.53
489	72.00	155.64	1.00	0.52
490	0.00	11.58	1.00	0.52
491	0.00	-60.47	1.00	0.52
492	72.00	-60.53	1.00	0.52
493	-144.00	11.41	1.00	0.52
494	72.00	155.36	1.00	0.52
495	0.00	11.30	1.00	0.52
496	0.00	-60.75	1.00	0.52
497	72.00	-60.81	1.00	0.52
498	-144.00	11.14	1.00	0.52
499	72.00	155.08	1.00	0.52
500	0.00	11.03	1.00	0.52
501	0.00	-61.02	1.00	0.52
502	72.00	-61.08	1.00	0.51
503	-144.00	10.87	1.00	0.51
504	72.00	154.81	1.00	0.51
505	-0.00	10.76	1.00	0.51
506	0.00	-61.30	1.00	0.51
507	72.00	-61.35	1.00	0.51
508	-144.00	10.60	1.00	0.51
509	72.00	154.54	1.00	0.51
510	0.00	10.49	1.00	0.51
511	0.00	-61.56	1.00	0.51
512	72.00	-61.62	1.00	0.51
513	-144.00	10.33	1.00	0.51
514	72.00	154.28	1.00	0.51
515	0.00	10.23	1.00	0.51
516	0.00	-61.83	1.00	0.50
517	72.00	-61.88	1.00	0.50
518	-144.00	10.07	1.00	0.50
519	72.00	154.02	1.00	0.50
520	0.00	9.96	1.00	0.50
521	0.00	-62.09	1.00	0.50
522	72.00	-62.14	1.00	0.50
523	-144.00	9.81	1.00	0.50
524	72.00	153.76	1.00	0.50
525	0.00	9.71	1.00	0.50
526	0.00	-62.35	1.00	0.50
527	72.00	-62.40	1.00	0.50
528	-144.00	9.55	1.00	0.50
529	72.00	153.50	1.00	0.50
530	0.00	9.45	1.00	0.49
531	0.00	-62.60	1.00	0.49
532	72.00	-62.64	1.00	0.49
533	-144.00	9.30	1.00	0.49
534	72.00	153.25	1.00	0.49
535	-0.00	9.19	1.00	0.49
536	0.00	-62.85	1.00	0.49
537	72.00	-62.90	1.00	0.49
538	-144.00	9.04	1.00	0.49
539	72.00	153.01	1.00	0.49
540	-0.00	8.95	1.00	0.49
541	0.00	-63.10	1.00	0.49
542	72.00	-63.15	1.00	0.49
543	-144.00	8.80	1.00	0.49
544	72.00	152.77	1.00	0.49
545	-0.00	8.69	1.00	0.48
546	0.00	-63.35	1.00	0.48
547	72.00	-63.40	1.00	0.48
548	-144.00	8.56	1.00	0.48
549	72.00	152.52	1.00	0.48
550	0.00	8.47	1.00	0.48
551	0.00	-63.58	1.00	0.48
552	72.00	-63.63	1.00	0.48
553	-144.00	8.32	1.00	0.48
554	72.00	152.27	1.00	0.48
555	0.00	8.23	1.00	0.48
556	0.00	-63.82	1.00	0.48
557	72.00	-63.87	1.00	0.48
558	-144.00	8.08	1.00	0.48
559	72.00	152.04	1.00	0.48
560	0.00	7.99	1.00	0.48
561	0.00	-64.06	1.00	0.47
562	72.00	-64.10	1.00	0.47
563	-144.00	7.85	1.00	0.47
564	72.00	151.80	1.00	0.47
565	-0.00	7.76	1.00	0.47
566	0.00	-64.29	1.00	0.47
567	72.00	-64.34	1.00	0.47
568	-144.00	7.62	1.00	0.47
569	72.00	151.57	1.00	0.47
570	-0.00	7.53	1.00	0.47
571	0.00	-64.52	1.00	0.47
572	72.00	-64.57	1.00	0.47
573	-144.00	7.39	1.00	0.47
574	72.00	151.34	1.00	0.47
575	-0.00	7.30	1.00	0.47
576	0.00	-64.75	1.00	0.47
577	72.00	-64.79	1.00	0.46
578	-144.00	7.16	1.00	0.46
579	72.00	151.12	1.00	0.46
580	-0.00	7.08	1.00	0.46
581	0.00	-64.97	1.00	0.46
582	72.00	-65.02	1.00	0.46
583	-144.00	6.94	1.00	0.46
584	72.00	150.90	1.00	0.46
585	0.00	6.85	1.00	0.46
586	0.00	-65.19	1.00	0.46
587	72.00	-65.24	1.00	0.46
588	-144.00	6.72	1.00	0.46
589	72.00	150.68	1.00	0.46
590	0.00	6.63	1.00	0.46
591	0.00	-65.43	1.00	0.46
592	72.00	-65.47	1.00	0.46
593	-144.00	6.50	1.00	0.45
594	72.00	150.46	1.00	0.45
595	0.00	6.42	1.00	0.45
596	0.00	-65.64	1.00	0.45
597	72.00	-65.68	1.00	0.45
598	-144.00	6.30	1.00	0.45
599	72.00	150.24	1.00	0.45
600	0.00	6.21	1.00	0.45
601	0.00	-65.85	1.00	0.45
602	72.00	-65.89	1.00	0.45
603	-144.00	6.07	1.00	0.45
604	72.00	150.04	1.00	0.45
605	-0.00	5.99	1.00	0.45
606	0.00	-66.06	1.00	0.45
607	72.00	-66.10	1.00	0.45
608	-144.00	5.86	1.00	0.45
609	72.00	149.82	1.00	0.45
610	-0.00	5.79	1.00	0.44
611	0.00	-66.26	1.00	0.44
612	72.00	-66.30	1.00	0.44
613	-144.00	5.66	1.00	0.44
614	72.00	149.61	1.00	0.44
615	0.00	5.57	1.00	0.44
616	0.00	-66.47	1.00	0.44
617	72.00	-66.51	1.00	0.44
618	-144.00	5.45	1.00	0.44
619	72.00	149.41	1.00	0.44
620	0.00	5.37	1.00	0.44
621	0.00	-66.67	1.00	0.44
622	72.00	-66.71	1.00	0.44
623	-144.00	5.25	1.00	0.44
624	72.00	149.20	1.00	0.44
625	0.00	5.17	1.00	0.44
626	0.00	-66.87	1.00	0.44
627	72.00	-66.92	1.00	0.44
628	-144.00	5.04	1.00	0.43
629	72.00	149.00	1.00	0.43
630	0.00	4.96	1.00	0.43
631	0.00	-67.08	1.00	0.43
632	72.00	-67.12	1.00	0.43
633	-144.00	4.84	1.00	0.43
634	72.00	148.81	1.00	0.43
635	0.00	4.77	1.00	0.43
636	0.00	-67.27	1.00	0.43
637	72.00	-67.31	1.00	0.43
638	-144.00	4.65	1.00	0.43
639	72.00	148.61	1.00	0.43
640	0.00	4.57	1.00	0.43
641	0.00	-67.47	1.00	0.43
642	72.00	-67.51	1.00	0.43
643	-144.00	4.45	1.00	0.43
644	72.00	148.41	1.00	0.43
645	0.00	4.38	1.00	0.43
646	0.00	-67.66	1.00	0.43
647	72.00	-67.70	1.00	0.42
648	-144.00	4.26	1.00	0.42
649	72.00	148.22	1.00	0.42
650	-0.00	4.18	1.00	0.42
651	0.00	-67.86	1.00	0.42
652	72.00	-67.90	1.00	0.42
653	-144.00	4.07	1.00	0.42
654	72.00	148.04	1.00	0.42
655	0.00	4.00	1.00	0.42
656	0.00	-68.06	1.00	0.42
657	72.00	-68.09	1.00	0.42
658	-144.00	3.88	1.00	0.42
659	72.00	147.85	1.00	0.42
660	0.00	3.81	1.00	0.42
661	0.00	-68.23	1.00	0.42
662	72.00	-68.27	1.00	0.42
663	-144.00	3.69	1.00	0.42
664	72.00	147.67	1.00	0.42
665	0.00	3.61	1.00	0.42
666	0.00	-68.42	1.00	0.41
667	72.00	-68.46	1.00	0.41
668	-144.00	3.50	1.00	0.41
669	72.00	147.48	1.00	0.41
670	0.00	3.43	1.00	0.41
671	0.00	-68.60	1.00	0.41
672	72.00	-68.64	1.00	0.41
673	-144.00	3.33	1.00	0.41
674	72.00	147.29	1.00	0.41
675	0.00	3.26	1.00	0.41
676	0.00	-68.78	1.00	0.41
677	72.00	-68.82	1.00	0.41
678	-144.00	3.14	1.00	0.41
679	72.00	147.11	1.00	0.41
680	0.00	3.07	1.00	0.41
681	0.00	-68.96	1.00	0.41
682	72.00	-69.00	1.00	0.41
683	-144.00	2.97	1.00	0.41
684	72.00	146.93	1.00	0.41
685	0.00	2.90	1.00	0.41
686	0.00	-69.14	1.00	0.41
687	72.00	-69.17	1.00	0.40
688	-144.00	2.79	1.00	0.40
689	72.00	146.76	1.00	0.40
690	0.00	2.72	1.00	0.40
691	0.00	-69.31	1.00	0.40
692	72.00	-69.35	1.00	0.40
693	-144.00	2.62	1.00	0.40
694	72.00	146.58	1.00	0.40
695	0.00	2.55	1.00	0.40
696	0.00	-69.49	1.00	0.40
697	72.00	-69.53	1.00	0.40
698	-144.00	2.44	1.00	0.40
699	72.00	146.41	1.00	0.40
700	0.00	2.37	1.00	0.40
701	0.00	-69.66	1.00	0.40
702	72.00	-69.70	1.00	0.40
703	-144.00	2.27	1.00	0.40
704	72.00	146.23	1.00	0.40
705	0.00	2.20	1.00	0.40
706	0.00	-69.83	1.00	0.40
707	72.00	-69.87	1.00	0.40
708	-144.00	2.10	1.00	0.39
709	72.00	146.07	1.00	0.39
710	0.00	2.03	1.00	0.39
711	0.00	-70.00	1.00	0.39
712	72.00	-70.03	1.00	0.39
713	-144.00	1.93	1.00	0.39
714	72.00	145.90	1.00	0.39
715	0.00	1.86	1.00	0.39
716	0.00	-70.17	1.00	0.39
717	72.00	-70.20	1.00	0.39
718	-144.00	1.76	1.00	0.39
719	72.00	145.73	1.00	0.39
720	0.00	1.70	1.00	0.39
721	0.00	-70.33	1.00	0.39
722	72.00	-70.36	1.00	0.39
723	-144.00	1.60	1.00	0.39
724	72.00	145.56	1.00	0.39
725	0.00	1.54	1.00	0.39
726	0.00	-70.48	1.00	0.39
727	72.00	-70.52	1.00	0.39
728	-144.00	1.44	1.00	0.39
729	72.00	145.39	1.00	0.39
730	0.00	1.37	1.00	0.38
731	0.00	-70.65	1.00	0.38
732	72.00	-70.69	1.00	0.38
733	-144.00	1.28	1.00	0.38
734	72.00	145.24	1.00	0.38
735	0.00	1.21	1.00	0.38
736	0.00	-70.82	1.00	0.38
737	72.00	-70.85	1.00	0.38
738	-144.00	1.11	1.00	0.38
739	72.00	145.08	1.00	0.38
740	0.00	1.05	1.00	0.38
741	0.00	-70.98	1.00	0.38
742	72.00	-71.01	1.00	0.38
743	-144.00	0.96	1.00	0.38
744	72.00	144.93	1.00	0.38
745	0.00	0.89	1.00	0.38
746	0.00	-71.14	1.00	0.38
747	72.00	-71.17	1.00	0.38
748	-144.00	0.80	1.00	0.38
749	72.00	144.77	1.00	0.38
750	0.00	0.74	1.00	0.38
751	0.00	-71.29	1.00	0.38
752	72.00	-71.32	1.00	0.38
753	-144.00	0.64	1.00	0.38
754	72.00	144.61	1.00	0.37
755	0.00	0.58	1.00	0.37
756	0.00	-71.45	1.00	0.37
757	72.00	-71.48	1.00	0.37
758	-144.00	0.49	1.00	0.37
759	72.00	144.46	1.00	0.37
760	0.00	0.43	1.00	0.37
761	0.00	-71.60	1.00	0.37
762	72.00	-71.63	1.00	0.37
763	-144.00	0.34	1.00	0.37
764	72.00	144.31	1.00	0.37
765	0.00	0.28	1.00	0.37
766	0.00	-71.75	1.00	0.37
767	72.00	-71.79	1.00	0.37
768	-144.00	0.18	1.00	0.37
769	72.00	144.15	1.00	0.37
770	0.00	0.12	1.00	0.37
771	0.00	-71.91	1.00	0.37
772	72.00	-71.93	1.00	0.37
773	-144.00	0.03	1.00	0.37
774	72.00	144.00	1.00	0.37
775	0.00	-0.03	1.00	0.37
776	0.00	-72.05	1.00	0.37
777	72.00	-72.08	1.00	0.37
778	-144.00	-0.11	1.00	0.36
779	72.00	143.85	1.00	0.36
780	0.00	-0.17	1.00	0.36
781	0.00	-72.20	1.00	0.36
782	72.00	-72.23	1.00	0.36
783	-144.00	-0.26	1.00	0.36
784	72.00	143.71	1.00	0.36
785	0.00	-0.31	1.00	0.36
786	0.00	-72.35	1.00	0.36
787	72.00	-72.38	1.00	0.36
788	-144.00	-0.40	1.00	0.36
789	72.00	143.56	1.00	0.36
790	0.00	-0.46	1.00	0.36
791	0.00	-72.49	1.00	0.36
792	72.00	-72.52	1.00	0.36
793	-144.00	-0.55	1.00	0.36
794	72.00	143.42	1.00	0.36
795	0.00	-0.61	1.00	0.36
796	0.00	-72.63	1.00	0.36
797	72.00	-72.67	1.00	0.36
798	-144.00	-0.70	1.00	0.36
799	72.00	143.28	1.00	0.36
800	0.00	-0.75	1.00	0.36
801	0.00	-72.78	1.00	0.36
802	72.00	-72.81	1.00	0.36
803	-144.00	-0.83	1.00	0.36
804	72.00	143.13	1.00	0.35
805	0.00	-0.89	1.00	0.35
806	0.00	-72.92	1.00	0.35
807	72.00	-72.95	1.00	0.35
808	-144.00	-0.98	1.00	0.35
809	72.00	142.99	1.00	0.35
810	0.00	-1.03	1.00	0.35
811	0.00	-73.06	1.00	0.35
812	72.00	-73.09	1.00	0.35
813	-144.00	-1.12	1.00	0.35
814	72.00	142.86	1.00	0.35
815	0.00	-1.18	1.00	0.35
816	0.00	-73.20	1.00	0.35
817	72.00	-73.23	1.00	0.35
818	-144.00	-1.25	1.00	0.35
819	72.00	142.72	1.00	0.35
820	0.00	-1.31	1.00	0.35
821	0.00	-73.34	1.00	0.35
822	72.00	-73.36	1.00	0.35
823	-144.00	-1.39	1.00	0.35
824	72.00	142.58	1.00	0.35
825	0.00	-1.45	1.00	0.35
826	0.00	-73.47	1.00	0.35
827	72.00	-73.50	1.00	0.35
828	-144.00	-1.53	1.00	0.35
829	72.00	142.44	1.00	0.35
830	0.00	-1.58	1.00	0.35
831	0.00	-73.61	1.00	0.35
832	72.00	-73.63	1.00	0.34
833	-144.00	-1.65	1.00	0.34
834	72.00	142.30	1.00	0.34
835	0.00	-1.71	1.00	0.34
836	0.00	-73.74	1.00	0.34
837	72.00	-73.76	1.00	0.34
838	-144.00	-1.78	1.00	0.34
839	72.00	142.16	1.00	0.34
840	0.00	-1.84	1.00	0.34
841	0.00	-73.88	1.00	0.34
842	72.00	-73.90	1.00	0.34
843	-144.00	-1.92	1.00	0.34
844	72.00	142.05	1.00	0.34
845	0.00	-1.97	1.00	0.34
846	0.00	-74.01	1.00	0.34
847	72.00	-74.04	1.00	0.34
848	-144.00	-2.05	1.00	0.34
849	72.00	141.91	1.00	0.34
850	0.00	-2.10	1.00	0.34
851	0.00	-74.15	1.00	0.34
852	72.00	-74.17	1.00	0.34
853	-144.00	-2.19	1.00	0.34
854	72.00	141.78	1.00	0.34
855	0.00	-2.24	1.00	0.34
856	0.00	-74.27	1.00	0.34
857	72.00	-74.29	1.00	0.34
858	-144.00	-2.32	1.00	0.34
859	72.00	141.65	1.00	0.34
860	0.00	-2.37	1.00	0.34
861	0.00	-74.39	1.00	0.33
862	72.00	-74.42	1.00	0.33
863	-144.00	-2.45	1.00	0.33
864	72.00	141.53	1.00	0.33
865	0.00	-2.50	1.00	0.33
866	0.00	-74.53	1.00	0.33
867	72.00	-74.55	1.00	0.33
868	-144.00	-2.58	1.00	0.33
869	72.00	141.40	1.00	0.33
870	0.00	-2.63	1.00	0.33
871	0.00	-74.65	1.00	0.33
872	72.00	-74.68	1.00	0.33
873	-144.00	-2.70	1.00	0.33
874	72.00	141.27	1.00	0.33
875	0.00	-2.75	1.00	0.33
876	0.00	-74.78	1.00	0.33
877	72.00	-74.81	1.00	0.33
878	-144.00	-2.83	1.00	0.33
879	72.00	141.14	1.00	0.33
880	0.00	-2.88	1.00	0.33
881	0.00	-74.91	1.00	0.33
882	72.00	-74.93	1.00	0.33
883	-144.00	-2.95	1.00	0.33
884	72.00	141.02	1.00	0.33
885	0.00	-3.00	1.00	0.33
886	0.00	-75.03	1.00	0.33
887	72.00	-75.05	1.00	0.33
888	-144.00	-3.08	1.00	0.33
889	72.00	140.90	1.00	0.33
890	0.00	-3.13	1.00	0.33
891	0.00	-75.15	1.00	0.33
892	72.00	-75.18	1.00	0.32
893	-144.00	-3.20	1.00	0.32
894	72.00	140.78	1.00	0.32
895	0.00	-3.25	1.00	0.32
896	0.00	-75.27	1.00	0.32
897	72.00	-75.30	1.00	0.32
898	-144.00	-3.33	1.00	0.32
899	72.00	140.65	1.00	0.32
900	0.00	-3.37	1.00	0.32
901	0.00	-75.39	1.00	0.32
902	72.00	-75.41	1.00	0.32
903	-144.00	-3.44	1.00	0.32
904	72.00	140.53	1.00	0.32
905	0.00	-3.49	1.00	0.32
906	0.00	-75.51	1.00	0.32
907	72.00	-75.54	1.00	0.32
908	-144.00	-3.56	1.00	0.32
909	72.00	140.41	1.00	0.32
910	0.00	-3.61	1.00	0.32
911	0.00	-75.63	1.00	0.32
912	72.00	-75.66	1.00	0.32
913	-144.00	-3.68	1.00	0.32
914	72.00	140.30	1.00	0.32
915	0.00	-3.73	1.00	0.32
916	0.00	-75.75	1.00	0.32
917	72.00	-75.78	1.00	0.32
918	-144.00	-3.80	1.00	0.32
919	72.00	140.18	1.00	0.32
920	0.00	-3.85	1.00	0.32
921	0.00	-75.87	1.00	0.32
922	72.00	-75.89	1.00	0.32
923	-144.00	-3.92	1.00	0.32
924	72.00	140.06	1.00	0.31
925	-0.00	-3.96	1.00	0.31
926	0.00	-75.99	1.00	0.31
927	72.00	-76.01	1.00	0.31
928	-144.00	-4.03	1.00	0.31
929	72.00	139.95	1.00	0.31
930	-0.00	-4.08	1.00	0.31
931	-0.00	-76.10	1.00	0.31
932	72.00	-76.13	1.00	0.31
933	-144.00	-4.15	1.00	0.31
934	72.00	139.83	1.00	0.31
935	-0.00	-4.19	1.00	0.31
936	-0.00	-76.22	1.00	0.31
937	72.00	-76.24	1.00	0.31
938	-144.00	-4.26	1.00	0.31
939	72.00	139.72	1.00	0.31
940	-0.00	-4.31	1.00	0.31
941	-0.00	-76.33	1.00	0.31
942	72.00	-76.35	1.00	0.31
943	-144.00	-4.38	1.00	0.31
944	72.00	139.60	1.00	0.31
945	-0.00	-4.42	1.00	0.31
946	-0.00	-76.44	1.00	0.31
947	72.00	-76.47	1.00	0.31
948	-144.00	-4.49	1.00	0.31
949	72.00	139.49	1.00	0.31
950	-0.00	-4.53	1.00	0.31
951	-0.00	-76.56	1.00	0.31
952	72.00	-76.58	1.00	0.31
953	-144.00	-4.59	1.00	0.31
954	72.00	139.37	1.00	0.31
955	0.00	-4.64	1.00	0.31
956	0.00	-76.67	1.00	0.31
957	72.00	-76.68	1.00	0.31
958	-144.00	-4.70	1.00	0.30
959	72.00	139.25	1.00	0.30
960	0.00	-4.75	1.00	0.30
961	0.00	-76.78	1.00	0.30
962	72.00	-76.81	1.00	0.30
963	-144.00	-4.82	1.00	0.30
964	72.00	139.16	1.00	0.30
965	0.00	-4.87	1.00	0.30
966	0.00	-76.90	1.00	0.30
967	72.00	-76.92	1.00	0.30
968	-144.00	-4.93	1.00	0.30
969	72.00	139.05	1.00	0.30
970	0.00	-4.98	1.00	0.30
971	0.00	-77.00	1.00	0.30
972	72.00	-77.02	1.00	0.30
973	-144.00	-5.04	1.00	0.30
974	72.00	138.94	1.00	0.30
975	0.00	-5.09	1.00	0.30
976	0.00	-77.11	1.00	0.30
977	72.00	-77.13	1.00	0.30
978	-144.00	-5.15	1.00	0.30
979	72.00	138.83	1.00	0.30
980	0.00	-5.19	1.00	0.30
981	0.00	-77.21	1.00	0.30
982	72.00	-77.24	1.00	0.30
983	-144.00	-5.26	1.00	0.30
984	72.00	138.72	1.00	0.30
985	0.00	-5.30	1.00	0.30
986	0.00	-77.32	1.00	0.30
987	72.00	-77.34	1.00	0.30
988	-144.00	-5.37	1.00	0.30
989	72.00	138.61	1.00	0.30
990	0.00	-5.41	1.00	0.30
991	0.00	-77.43	1.00	0.30
992	72.00	-77.45	1.00	0.30
993	-144.00	-5.47	1.00	0.30
994	72.00	138.51	1.00	0.30
995	-0.00	-5.51	1.00	0.29
996	0.00	-77.53	1.00	0.29
997	72.00	-77.55	1.00	0.29
998	-144.00	-5.57	1.00	0.29
999	72.00	138.40	1.00	0.29
1000	-0.00	-5.62	1.00	0.29
